	Country	City	Latitude	Longitude	Temperature (F)	Humidity (%)	Cloudiness (%)	Wind Speed (mph)
0	it	paullo	45.416667	9.4	51.8	66	0	11.41
1	at	poysdorf	48.666667	16.633333	50	76	0	12.75
2	in	jhajjar	28.616667	76.65	71.6	53	0	3.36
3	de	kamenz	51.266667	14.1	48.2	100	90	4.7
4	in	malihabad	26.916666999999997	80.716667	71.6	83	0	4.38
5	co	el aguila	4.91345	-76.040042	69.8	88	40	6.93
6	br	lins	-21.666667	-49.75	69.68	72	12	15.23
7	na	oshakati	-17.783333300000002	15.683333300000001	75.2	50	80	3.36
8	ro	vad	47.2	23.75	51.8	87	75	8.05
9	jp	isahaya	32.841111	130.043056	68	49	20	11.41
10	af	asmar	35.033328000000004	71.358087	51.95	52	0	3.04
11	ge	jvari	42.71388889999999	42.053611100000005	60.8	59	0	26.4
12	mx	jaltepec	19.733333	-98.633333	62.6	63	40	12.75
13	de	forchheim	49.723056	11.066944	50	93	75	6.93
14	sv	santa rosa de lima	13.624722199999997	-87.89361109999999	69.73	96	80	2.04
15	in	ghosi	26.108333	83.543611	80.84	34	0	4.05
16	ph	santo tomas	8.185833	125.80388899999998	86.11	88	56	4.72
17	ru	sokol	59.461667000000006	40.120556	29.45	92	88	6.62
18	pt	alcanena	39.459005	-8.668924	53.6	87	0	3.36
19	hu	nyirbogat	47.803395	22.065606	48.2	93	100	12.75
20	id	boyolangu	-8.1181	111.8935	76.61	100	44	3.71
21	it	monte san pietro	44.433333000000005	11.133333	44.6	65	0	3.36
22	no	kristiansand	58.166667000000004	8.0	48.2	93	92	9.17
23	cn	yangjiang	21.85	111.96666699999999	74.99	100	0	17.47
24	pf	teavaro	-17.5	-149.7666667	82.4	69	40	5.82
25	ru	mtsensk	53.27656700000001	36.573337	24.05	85	32	5.95
26	de	gehrden	52.316666999999995	9.6	50	93	75	2.24
27	ru	krasnozavodsk	56.45	38.216667	20.18	100	64	2.93
28	br	parintins	-2.6	-56.733332999999995	83.86	64	0	5.17
29	br	piraju	-23.2	-49.383333	58.7	93	8	15.79
30	am	musaler	40.154444399999996	44.3777778	35.6	80	0	2.48
31	pt	lavos	40.093628	-8.828263	53.6	87	0	3.36
32	gt	retalhuleu	14.533332999999999	-91.68333299999999	76.79	100	24	1.36
33	mk	demir kapija	41.405	22.2488889	41.06	97	100	5.95
34	cn	huaihua	27.549444	109.959167	64.82	86	20	3.6
35	id	ambarawa	-7.263333	110.3975	86.33	65	20	3.04
36	kz	borovskoy	53.8	64.15	27.02	84	88	20.49
37	es	llanera	43.433333000000005	-5.883333	50	81	24	3.36
38	ru	mayskiy	50.519881	36.458777000000005	33.8	86	0	6.71
39	mx	chiautla	19.533333	-98.883333	62.6	63	40	12.75
40	ph	sibulao	7.324545	122.241799	87.8	74	75	6.93
41	in	vasai	19.35	72.8	86	61	0	6.62
42	es	rubi	41.492256	2.0330470000000003	57.2	93	0	3.36
43	ro	schitu	44.35	24.566667000000002	50	100	90	5.82
44	us	tehachapi	35.1322222	-118.44805559999999	75.2	22	1	6.93
45	ph	cawayan	13.3672	122.5094	84.08	100	12	16.8
46	pk	gambat	27.351453000000003	68.52051	69.8	64	0	4.7
47	ro	garoafa	45.783333	27.2	51.73	100	92	7.18
48	ca	ville-marie	47.333333	-79.43333299999999	57.2	100	90	16.11
49	ch	plan-les-ouates	46.167615000000005	6.119125	41	100	0	2.24
50	ua	petropavlivka	48.456429	36.436699	32.11	93	56	11.77
51	ee	kolga	59.4866667	25.619166699999997	28.4	92	75	3.36
52	ru	baryshevo	54.9564	83.1822	26.6	92	0	4.47
53	ca	wembley	55.15	-119.15	46.4	49	75	11.41
54	ro	alexandria	43.983333	25.333333	57.8	98	92	13.11
55	us	findlay	41.0441667	-83.65	55.4	81	90	14.99
56	si	portoroz	45.5161111	13.588333300000002	50	87	0	9.17
57	sk	trencianske teplice	48.9166667	18.1666667	48.2	76	44	13.87
58	ro	izvoarele	44.033889	25.774722	57.2	100	75	14.99
59	ru	volodarsk	56.231051	43.187671	28.4	92	75	2.24
60	fr	enghien-les-bains	48.966667	2.316667	57.2	93	90	4.7
61	us	bay shore	40.725	-73.2458333	71.6	83	90	16.11
62	mx	actopan	20.266667	-98.93333299999999	53.08	98	64	2.37
63	it	fossombrone	43.683333000000005	12.8	50	138	0	6.93
64	ph	libertad	8.2755	123.8382	82.28	92	68	3.04
65	us	putnam	41.915	-71.9094444	66.2	93	90	3.36
66	ru	novoaltaysk	53.3917	83.9363	32	88	0	6.71
67	pe	olmos	-5.9847222	-79.7452778	69.68	88	68	2.93
68	ph	arteche	12.2645	125.4048	83.59	94	64	10.98
69	mx	arandas	20.7	-102.35	67.21	41	0	12.21
70	gr	diavatos	40.54555560000001	22.2669444	55.4	62	40	12.75
71	ua	balky	47.383365000000005	34.94396	39.2	80	75	11.18
72	gb	kintore	57.216667	-2.35	48.2	93	0	8.05
73	es	arrecife	28.965706	-13.551378	71.6	88	88	8.05
74	ru	sengiley	53.962222	48.794444	32	100	75	6.71
75	fr	tournefeuille	43.583905	1.34685	50	87	0	3.36
76	ru	samarskoye	46.937	39.6881	35.6	95	20	15.66
77	uy	artigas	-30.4	-56.466666700000005	53.57	70	20	11.21
78	gt	champerico	14.3	-91.916667	76.79	100	24	1.36
79	mx	miramar	22.266667	-97.8	78.8	83	40	11.41
80	hr	krk	45.025833299999995	14.573055599999998	57.2	41	0	8.05
81	ro	bolvasnita	45.35	22.3	47.41	99	92	2.93
82	ph	laguindingan	8.574722	124.442222	82.28	100	64	3.15
83	de	olpe	51.033333	7.85	53.6	87	75	8.05
84	gr	elatia	38.6333333	22.7666667	53.6	76	20	3.36
85	in	shahganj	26.05	82.68333299999999	79.85	61	0	4.38
86	pe	san jeronimo de tunan	-11.95	-75.25	40.84	93	92	1.7
87	in	harihar	14.516667000000002	75.8	74.09	81	32	3.71
88	be	oreye	50.733333	5.366667	55.4	93	75	11.41
89	gr	mikonos	37.45	25.3333333	68	77	75	8.05
90	hu	csanadapaca	46.55	20.883333	50	93	92	16.11
91	be	hasselt	50.933333000000005	5.3333330000000005	57.2	100	90	12.75
92	ru	anadyr	64.75	177.48333300000002	15.8	85	0	8.95
93	us	sanford	28.8002778	-81.2733333	75.2	100	90	4.7
94	br	arroio dos ratos	-30.083333000000003	-51.716667	59	77	0	9.17
95	hn	san francisco del valle	14.433333300000001	-88.95	66.04	97	88	2.15
96	ro	catina	46.85	24.183332999999998	51.8	87	75	8.05
97	hn	nueva florida	15.4666667	-87.5	77	100	75	10.29
98	hn	san juan de opoa	14.7833333	-88.7	66.62	99	92	1.92
99	ec	palestina	-1.9333333	-79.7333333	75.2	73	0	16.11
100	br	lencois paulista	-22.6	-48.783333	62.6	93	0	14.99
101	tr	yakuplu	40.983333	28.65	68	56	0	5.82
102	ro	barbatesti	44.866667	23.5	50	100	90	5.82
103	ru	komarichi	52.4151	34.7905	26.75	86	92	9.64
104	mx	tequila	20.883333	-103.833333	66.2	55	5	1.59
105	ro	socol	44.860833	21.370278	48.2	100	75	11.41
106	th	khlong luang	14.064667000000002	100.645778	86	74	40	11.41
107	in	ukwa	21.966667	80.466667	77.24	53	0	3.94
108	de	schiffweiler	49.366667	7.133333	51.8	93	75	9.17
109	gr	alexandroupoli	40.8475	25.874444399999998	60.8	100	90	8.05
110	jo	aydun	32.507222	35.8575	59	82	20	4.7
111	pk	shahdadkot	27.847709000000002	67.905497	74.72	33	0	9.53
112	pk	peshawar	34.008	71.57848800000001	64.4	63	20	4.7
113	us	comerio	18.22	-66.2263889	80.6	83	40	5.82
114	mx	vicente guerrero	23.75	-103.983333	64.4	45	5	4.7
115	ph	alangilanan	9.642000000000001	123.1059	84.2	79	90	3.6
116	it	lanciano	42.233333	14.383332999999999	60.8	48	92	9.17
117	az	buzovna	40.517888	50.113901	55.4	87	75	4.7
118	de	schenefeld	53.6	9.816667	51.8	93	75	3.36
119	gr	kamena vourla	38.783333299999995	22.783333300000002	53.6	76	20	3.36
120	cn	huaiyin	33.588611	119.019167	61.76	76	0	7.4
121	br	guarapuava	-25.383333	-51.45	58.61	94	32	4.94
122	ir	mehran	33.1222	46.1646	50	29	0	4.7
123	br	sao francisco	-15.95	-44.866667	83.45	30	44	15.57
124	de	drensteinfurt	51.8	7.75	51.8	93	75	3.36
125	ca	yamachiche	46.283333	-72.833333	56.59	80	68	9.75
126	ru	peski	51.2531	42.4693	24.41	77	44	3.15
127	ru	novomikhaylovskiy	44.2626	38.8585	41.38	97	56	1.92
128	sv	conchagua	13.307777800000002	-87.8647222	75.35	100	92	4.38
129	gt	san antonio palopo	14.7	-91.116667	68	88	75	4.7
130	gr	andros	37.8333333	24.9333333	68	64	40	19.46
131	fr	brest	48.390756	-4.486165	59	93	90	16.11
132	it	cagliari	39.216667	9.116667	60.8	87	0	5.82
133	be	waregem	50.883333	3.416667	57.2	93	75	10.29
134	us	elwood	40.2769444	-85.8419444	50	93	90	9.17
135	br	breves	-1.666667	-50.483333	80.39	82	48	7.52
136	ph	tapel	18.289070000000002	122.02915300000001	78.77	86	80	6.06
137	mx	tenancingo	19.147222	-98.18055600000001	57.2	76	40	9.17
138	ro	bania	44.895833	22.044722	48.2	100	75	11.41
139	ir	rasht	37.280769	49.58319	53.6	100	8	2.71
140	es	soller	39.768206	2.716361	51.8	100	20	2.24
141	ph	damilag	8.354722	124.81222199999999	75.71	100	80	0.69
142	ch	rheinfelden	47.562979	7.780108	48.2	93	75	3.36
143	it	ottaviano	40.85	14.466667000000001	59	54	40	13.87
144	in	madhogarh	26.276	79.1869	77.87	36	0	4.38
145	in	shahada	21.466667	74.3	75.98	51	0	4.94
146	pa	chilibre	9.15	-79.6166667	78.8	94	75	3.36
147	br	alem paraiba	-21.866667	-42.683333000000005	66.31	99	92	3.6
148	it	taggia	43.866667	7.85	62.6	100	0	9.17
149	cn	aksu	41.123056	80.264444	41.87	54	56	4.72
150	us	apopka	28.6802778	-81.50972220000001	75.2	88	88	4.94
151	ua	krasnyy oktyabr	48.25	38.2	33.73	96	64	12.21
152	be	hooglede	50.983333	3.083333	57.2	93	75	9.17
153	tz	kongwa	-6.2	36.4166667	61.99	94	36	3.49
154	ru	buturlinovka	50.823889	40.609167	28.19	84	88	6.17
155	ca	exeter	43.35	-81.483333	59	87	90	24.16
156	ba	janja	44.6652778	19.2477778	46.4	100	90	8.05
157	au	milingimbi	-12.10188	134.919006	86.24	92	12	7.63
158	ru	shirokaya rechka	56.6694	60.4726	24.8	92	40	6.71
159	mx	poanas	25.766667	-103.616667	78.8	34	5	2.71
160	id	ambulu	-8.3504	113.6069	81.61	91	0	5.39
161	vu	norsup	-16.0666667	167.3833333	77.87	100	88	3.71
162	ro	cristinesti	48.1	26.383333	42.8	100	75	8.95
163	kz	qostanay	53.166667000000004	63.583332999999996	24.8	85	90	24.61
164	cn	ningbo	29.878186	121.549453	64.4	55	20	11.18
165	gr	livadi	40.125	22.1516667	39.98	96	32	2.15
166	de	forst	51.733333	14.633332999999999	40.88	92	8	3.38
167	us	north creek	47.8197222	-122.175	59	66	1	6.4
168	ph	lagonglong	8.807222	124.790278	82.06	90	76	6.06
169	us	butte	46.0038889	-112.5338889	33.8	74	1	3.36
170	mx	manzanillo	19.05	-104.333333	84.2	83	5	1.36
171	us	dracut	42.6702778	-71.3025	64.4	93	90	3.36
172	my	sungai siput utara	4.8151	101.0786	87.8	66	75	1.12
173	ph	pilar	11.487	122.9963	78.14	100	92	5.06
174	us	daphne	30.6033333	-87.90361109999999	64.4	100	1	6.51
175	fr	aulnoye-aymeries	50.201412	3.838439	57.2	93	75	10.29
176	ca	vulcan	50.4	-113.25	36.65	46	0	3.6
177	it	vietri sul mare	40.666667	14.733332999999998	59	58	0	7.96
178	pk	paharpur	32.103844	70.97235	62.3	69	0	2.59
179	br	maraa	-1.833333	-65.366667	73.06	99	92	4.05
180	us	blackfoot	43.1905556	-112.34416670000002	48.2	70	1	10.29
181	ro	manzalesti	45.5	26.65	46.69	97	92	4.5
182	ua	shevchenkove	49.695853	37.173484	33.8	80	0	11.18
183	gt	san andres itzapa	14.62	-90.844167	68	88	75	4.7
184	ro	moldoveni	46.833333	26.766666999999998	50	100	90	9.17
185	ph	san roque	10.6043	123.7441	87.8	66	75	12.75
186	ni	san miguelito	11.4	-84.9	80.89	100	88	7.96
187	it	ischia	40.733333	13.95	59	58	0	20.49
188	in	anaimalai	10.583333	76.93333299999999	77	73	0	3.6
189	ro	calarasi	47.616667	27.266666999999998	46.4	87	75	10.29
190	us	gardendale	33.66	-86.81277779999999	53.6	100	1	2.48
191	gt	san miguel acatan	15.7	-91.616667	61.67	91	88	1.7
192	dk	farum	55.809872999999996	12.362286	48.2	81	75	12.75
193	ro	olari	46.383333	21.55	48.2	93	92	16.11
194	ro	nuseni	47.1	24.2	51.8	87	75	8.05
195	fr	cavaillon	43.836033	5.0404919999999995	57.2	62	0	23.04
196	sd	bentiu	9.233333300000002	29.8333333	71.21	97	76	7.52
197	ua	zhovtneve	49.987839	29.531291999999997	38.09	95	92	13.67
198	ua	berehove	44.901477	33.621587	53.03	100	48	15.23
199	it	chieri	45.016667	7.816667	46.4	45	0	4.7
200	hn	reitoca	13.825833300000001	-87.4652778	75.2	83	40	9.17
201	ru	tarbagatay	51.1747	109.0931	35.98	80	92	3.15
202	us	valparaiso	41.4730556	-87.06111109999999	51.8	87	90	9.17
203	ro	sinteu	47.15	22.483333	48.2	81	88	10.29
204	it	montalto uffugo	39.4	16.15	57.2	54	20	12.75
205	cn	lianran	24.922707	102.484959	48.2	100	90	8.95
206	de	rehburg-loccum	52.466667	9.2	50	93	75	2.24
207	gr	kristallopiyi	40.6380556	21.085277800000004	40.93	100	92	1.92
208	br	mascote	-15.55	-39.283333	73.64	94	68	4.61
209	br	pocos de caldas	-21.8	-46.566666999999995	64.73	94	48	7.18
210	ci	jacqueville	5.205148	-4.414604	80.6	88	75	6.93
211	ru	taldom	56.733332999999995	37.533333	27.88	92	68	8.63
212	es	coslada	40.423776000000004	-3.561287	46.4	81	0	2.24
213	ba	voljevac	43.8786111	17.6591667	51.8	93	75	9.17
214	us	troy	42.728333299999996	-73.6922222	69.8	64	90	10.29
215	in	hojai	26.0	92.866667	72.92	95	32	3.15
216	in	dusi	12.766667	79.68333299999999	86	84	20	2.24
217	us	brownsburg	39.8433333	-86.3977778	48.2	93	40	4.7
218	ro	lunca de sus	46.533333	25.966667	40.93	100	92	2.59
219	in	narnaund	29.216666999999998	76.15	73.19	51	0	2.71
220	co	santa catalina	10.603607	-75.288235	80.6	94	40	2.71
221	in	khujner	23.783333	76.6	77.24	39	0	2.93
222	cn	xiaolan	22.673810999999997	113.231874	77	61	0	10.29
223	ph	dumabato	16.316667000000002	121.7	75.62	95	20	4.05
224	cn	dawukou	39.041944	106.39583300000001	47.99	86	92	4.72
225	uy	salto	-31.383333299999997	-57.966666700000005	57.04	83	48	8.41
226	cr	nicoya	10.148275	-85.452013	78.8	94	75	3.36
227	us	willmar	45.1219444	-95.0430556	50	61	75	11.41
228	mx	jaumave	23.416667	-99.383333	77	78	75	5.82
229	ro	balesti	45.433333000000005	27.233333000000002	51.73	100	92	7.18
230	ro	cupseni	47.55	23.933332999999998	47.36	97	92	2.37
231	ph	del carmen	15.0	120.53333300000001	84.2	62	75	11.41
232	ph	putlod	15.3706	120.8675	84.17	94	0	4.5
233	cn	liancheng	21.646734	110.28171999999999	77.38	77	12	5.95
234	br	conselheiro lafaiete	-20.666667	-43.8	63.34	98	92	7.4
235	cz	mikulcice	48.817654	17.05	48.2	76	0	12.75
236	us	sebastian	27.816111100000004	-80.4708333	80.6	83	1	4.7
237	us	bolingbrook	41.6986111	-88.06833329999999	53.6	87	90	11.41
238	cz	kunovice	49.040529	17.466141	48.2	76	64	13.87
239	ro	tarcea	47.45	22.183332999999998	48.2	81	88	10.29
240	ua	chynadiyovo	48.481788	22.821701	48.2	70	75	8.95
241	id	rantepao	-2.9701	119.8978	76.79	82	64	0.36
242	be	roeselare	50.95	3.1333330000000004	57.2	93	75	10.29
243	us	wolfeboro	43.5838889	-71.20777779999999	59	93	90	4.94
244	ua	lyubashivka	47.837157	30.259763	41.6	90	88	13.22
245	cn	lingyuan	41.24	119.40111100000001	53.57	58	0	4.05
246	jp	iwakuni	34.15	132.183333	66.2	45	75	10.29
247	ua	nyzhnya krynka	48.113496999999995	38.160636	33.73	96	64	12.21
248	ru	belyy gorodok	56.965	37.5125	27.88	92	68	8.63
249	hu	ulles	46.336114	19.844544	50	81	75	14.99
250	ph	san roque	15.261463000000001	120.651831	84.2	62	75	11.41
251	cn	fuyang	32.9	115.816667	62.12	71	0	7.63
252	id	sepatan	-6.118889	106.575	87.8	70	20	3.36
253	ie	lifford	54.831944400000005	-7.483611099999999	53.39	98	92	11.21
254	us	dallas	33.9236111	-84.8408333	60.8	100	1	5.82
255	ca	devon	53.36666700000001	-113.733333	44.6	51	75	6.93
256	bd	naral	23.1666667	89.5	82.1	83	0	4.61
257	us	fremont	41.4333333	-96.4977778	53.6	32	90	12.75
258	ro	movila miresei	45.216667	27.6	58.21	84	92	13.44
259	cz	usti	50.666667	14.033332999999999	48.2	93	90	8.05
260	br	remigio	-6.933333	-35.783333	69.8	94	75	8.05
261	dk	billund	55.731156999999996	9.113309	51.8	93	100	8.05
262	de	giengen	48.616667	10.25	46.4	87	92	3.36
263	lk	dambulla	7.86	80.6516667	84.44	66	36	8.41
264	in	lasalgaon	20.15	74.233333	76.61	56	0	2.59
265	il	ibtin	32.761666999999996	35.100833	59	82	20	4.7
266	ch	visp	46.294523999999996	7.884736	41	86	0	1.12
267	de	luckenwalde	52.083333	13.166667000000002	46.4	100	80	4.7
268	ca	nicolet	46.216667	-72.6	56.59	80	68	9.75
269	fr	troyes	48.300727	4.085244	55.4	93	75	6.93
270	gh	obuasi	6.2	-1.6666667000000002	71.75	96	0	3.38
271	gt	ixtahuacan	15.416667000000002	-91.766667	61.67	91	88	1.7
272	am	fantan	40.3941667	44.685	35.6	80	0	2.48
273	in	sriperumbudur	12.968889	79.94888900000001	86	84	20	2.24
274	de	sonneberg	50.35	11.166667	44.75	99	80	5.5
275	gr	vilia	38.1666667	23.3333333	59	93	75	6.62
276	hn	wampusirpi	15.183333300000001	-84.6166667	75.89	98	92	3.38
277	cn	daxian	31.215921	107.500922	61.49	78	88	7.4
278	cz	znojmo	48.856116	16.056411999999998	48.2	87	90	13.87
279	in	sindi	20.8	78.866667	78.8	54	0	4.94
280	ro	rusca montana	45.566666999999995	22.45	47.41	99	92	2.93
281	mx	apaseo el grande	20.566667000000002	-100.7	59	77	40	11.41
282	au	hervey bay	-25.285	152.873	71.39	99	0	8.08
283	tn	naftah	33.873094	7.877652	64.4	48	20	5.82
284	py	san joaquin	-24.95	-56.11666700000001	61.85	67	0	4.05
285	mx	chapulhuacan	21.166667	-98.9	62.89	98	92	0.58
286	ph	plaridel	15.65	121.0	82.28	80	0	3.04
287	co	san juan de arama	3.346389	-73.889444	67.7	98	76	1.92
288	ph	santa ana	9.192778	125.564444	82.01	97	64	9.19
289	pt	cascais	38.69745	-9.423141000000001	62.6	55	0	6.93
290	us	minot	48.2325	-101.2958333	42.8	60	1	12.75
291	us	port washington	40.8255556	-73.6986111	71.6	78	90	18.34
292	de	waltershausen	50.9	10.566667	48.2	93	0	10.29
293	zm	mazabuka	-15.866666699999998	27.766666700000002	71.26	43	0	10.54
294	ph	dagatan	13.7389	121.199	82.69	91	20	11.43
295	ni	sebaco	12.851111099999999	-86.0994444	74.63	100	92	2.37
296	ua	kadubivtsi	48.583372	25.768710000000002	42.8	100	75	8.95
297	ec	alausi	-2.2	-78.83333329999999	47.36	95	64	0.69
298	ca	canora	51.633333	-102.43333299999999	33.8	80	1	9.17
299	cd	kaniama	-7.516667	24.183332999999998	66.35	85	0	2.15
300	in	nazira	26.916666999999997	94.733333	73.4	94	75	4.7
301	in	sonegaon	20.65	78.68333299999999	78.8	54	8	4.38
302	nc	poya	-21.35	165.15	71.84	100	48	14.67
303	co	tangua	1.094727	-77.394821	52.94	92	48	1.7
304	gr	asopos	36.7333333	22.8666667	64.24	99	20	21.5
305	ro	livezi	46.4	26.733333000000002	50	100	90	9.17
306	in	sundargarh	22.116667	84.033333	81.61	76	0	3.94
307	ru	voznesenskoye	54.89	42.756944	28.33	87	64	4.16
308	pe	santa eulalia	-11.85	-76.6833333	61.18	81	48	1.59
309	cz	nemcice nad hanou	49.342743	17.209160999999998	48.2	76	0	12.75
310	ph	buenavista	12.176389	123.79055600000001	83.23	98	48	11.77
311	ph	tugaya	7.882772999999999	124.174003	80.84	71	68	3.04
312	ru	romanovka	60.044301000000004	30.713996999999996	33.8	90	90	6.71
313	us	oak ridge	28.4708333	-81.4247222	75.2	94	90	6.93
314	es	huelva	37.271446999999995	-6.949464	60.19	86	0	5.61
315	ro	seini	47.75	23.283333	48.2	93	88	12.75
316	it	domodossola	46.116667	8.283333	50	53	0	4.7
317	th	sansai	18.83075	99.00380600000001	80.6	78	75	6.93
318	gr	magoula	37.0833333	22.4166667	53.6	93	75	2.48
319	co	girardot	4.298659	-74.804681	73.4	83	20	2.24
320	cd	boma	-5.85	13.05	74.09	94	88	4.16
321	gb	banbury	52.05	-1.333333	59	93	75	5.82
322	ru	akhtyrskiy	44.8546	38.3031	44.6	93	75	8.95
323	ru	levashovo	60.103688	30.20683	33.8	100	90	6.71
324	td	dourbali	11.8094444	15.8611111	65.99	55	0	3.71
325	sk	zeliezovce	48.05	18.6666667	45.79	92	8	14.12
326	hn	santa cruz	13.258055599999999	-87.3483333	75.35	100	92	4.38
327	es	durango	43.171234999999996	-2.633795	48.2	87	0	2.24
328	sa	umm lajj	25.021264000000002	37.268502000000005	69.95	100	0	1.59
329	br	campo alegre	-9.8	-36.35	70.49	93	80	6.06
330	ro	francesti	45.0	24.1	51.41	98	92	13.78
331	th	det udom	14.905978	105.078364	82.4	74	75	5.82
332	us	prichard	30.738611100000004	-88.07888890000001	57.2	87	1	6.17
333	br	areia branca	-10.766667	-37.316666999999995	77	78	40	10.29
334	td	bokoro	12.3766667	17.0580556	63.2	53	0	2.71
335	ph	lonoy	11.513611000000001	122.729722	78.14	100	92	5.06
336	ro	fantanele	46.416667	24.75	51.8	87	92	6.93
337	ru	chulym	55.099722	80.957222	30.44	82	36	14.23
338	ph	carranglan	15.9613	121.0641	72.83	89	48	2.71
339	ru	karsun	54.199408999999996	46.982696999999995	25.63	89	80	4.5
340	ph	calaba	15.2953	120.8701	84.17	94	0	4.5
341	de	waldkirchen	48.733333	13.6	43.18	99	92	8.52
342	it	cabras	39.93	8.531389	58.16	86	0	5.61
343	bg	kostinbrod	42.8166667	23.216666699999998	46.4	93	90	11.41
344	gr	elati	39.5038889	21.534722199999997	39.04	100	48	2.37
345	us	yeadon	39.938888899999995	-75.25583329999999	71.6	83	90	11.41
346	tz	kigoma	-4.8769444	29.6266667	77.29	96	92	3.04
347	us	susanville	40.416388899999994	-120.65194440000002	51.8	71	1	2.59
348	ru	priiskovyy	54.656110999999996	88.68722199999999	19.06	75	8	2.15
349	ro	insuratei	44.916667	27.6	58.21	84	92	13.44
350	ph	batangas	13.7567	121.0584	82.69	91	20	11.43
351	br	cambe	-23.233333	-51.25	64.4	82	0	11.41
352	ni	santa teresa	11.733333300000002	-86.2166667	82.4	83	40	2.04
353	gt	santa maria de jesus	14.518332999999998	-90.726667	68	88	75	4.7
354	co	puerto guzman	0.9645379999999999	-76.407953	66.08	92	76	2.37
355	us	woburn	42.4791667	-71.1527778	68	93	90	3.36
356	it	spoleto	42.733333	12.733333	40.39	73	0	4.38
357	mm	thongwa	16.7619444	96.5277778	80.6	94	75	4.7
358	pl	augustow	53.844711	22.980133	31.97	100	0	10.65
359	bt	phuntsholing	26.85	89.3833333	56.99	96	80	1.48
360	ru	tankhoy	51.552778	105.130556	35.66	100	32	1.36
361	ru	staraya	59.927488000000004	30.627645	33.8	90	90	6.71
362	ru	togul	53.465	85.9128	32.74	86	0	4.5
363	fr	auray	47.670252000000005	-2.991828	59	100	90	12.75
364	pa	changuinola	9.433333300000001	-82.5166667	75.71	100	80	1.7
365	gr	zakharo	37.4833333	21.65	60.8	93	75	15.01
366	br	cicero dantas	-10.6	-38.383333	70.54	85	64	7.52
367	ro	bucecea	47.766667	26.433333	42.8	100	90	13.87
368	ws	faleula	-13.8	-171.8	84.2	70	75	5.82
369	pe	huallanca	-9.85	-76.9333333	42.59	100	64	2.04
370	cn	yichang	30.77135	111.321458	63.47	94	12	5.39
371	es	arenys de mar	41.581905	2.5493580000000002	57.2	93	0	3.36
372	es	boadilla del monte	40.402784000000004	-3.8756230000000005	46.4	81	0	2.24
373	gb	hemel hempstead	51.75	-0.466667	59	93	90	8.05
374	si	domzale	46.1380556	14.597777800000003	55.4	37	40	13.87
375	fr	bordeaux	44.840439	-0.5805	50	93	0	4.94
376	py	belen	-23.466110999999998	-57.26194399999999	75.89	69	92	3.38
377	ca	fort nelson	58.816667	-122.53333300000001	37.4	93	90	6.93
378	ru	bytosh	53.901389	34.123889	20.9	84	44	7.96
379	ke	garissa	-0.45694440000000003	39.658333299999995	77.74	66	100	13
380	tr	ceyhan	37.024722	35.8175	59	87	0	2.24
381	ru	mgachi	51.05	142.26666699999998	41.96	82	0	15.57
382	it	cernusco sul naviglio	45.516667	9.316667	51.8	66	0	11.41
383	es	cornella	41.352784	2.070769	57.2	93	0	3.36
384	br	quirinopolis	-18.533333	-50.5	72.11	90	88	6.17
385	br	itapicuru	-11.316667	-38.25	68.87	91	12	6.51
386	ro	buza	46.9	24.15	51.8	87	75	8.05
387	ca	one hundred mile house	51.65	-121.28333300000001	43.04	67	56	8.63
388	ru	ryazanskaya	44.955279	39.588938	44.6	93	75	8.95
389	at	korneuburg	48.35	16.333333	50	76	90	20.8
390	ru	kambileyevskoye	43.078578	44.752165000000005	38.9	100	68	2.15
391	ru	navoloki	57.46571899999999	41.963443	26.26	92	76	6.73
392	br	passa quatro	-22.383333	-44.966667	59.42	99	92	2.93
393	de	rheinfelden	47.566666999999995	7.8	48.2	93	75	3.36
394	ru	tyarlevo	59.700556000000006	30.456389	33.8	90	90	6.71
395	it	ragusa	36.916667	14.733332999999998	60.8	55	20	11.41
396	us	cleveland	33.743888899999995	-90.7247222	62.6	62	1	6.93
397	ro	bethausen	45.833056	21.952778	48.2	93	92	20.8
398	bw	bokaa	-24.45	26.0166667	66.2	88	0	4.7
399	it	ladispoli	41.933333000000005	12.083333	50	81	0	3.36
400	ro	ciocile	44.816666999999995	27.233333000000002	57.04	87	92	14.67
401	ro	brancovenesti	46.866667	24.766667	51.8	87	92	6.93
402	gr	nea malgara	40.609444399999994	22.681666699999997	55.4	62	40	12.75
403	hn	el escano de tepale	14.75	-87.0666667	66.53	100	92	2.15
404	lk	point pedro	9.816666699999999	80.2333333	82.46	98	80	5.5
405	au	healesville	-37.65395	145.517181	69.8	49	92	12.75
406	ph	gigaquit	9.5951	125.6968	81.29	100	76	6.96
407	mx	canatlan	24.516667	-104.783333	64.4	45	5	4.7
408	us	holt	42.640555600000006	-84.51527779999999	53.6	87	90	20.8
409	fi	kangasala	61.466667	24.083333	30.2	92	0	1.12
410	us	lewisville	33.046111100000005	-96.9938889	69.8	48	20	9.17
411	co	floresta	5.859026999999999	-72.918818	53.39	92	76	2.04
412	ca	baie-comeau	49.216667	-68.15	37.4	100	1	4.7
413	br	sao domingos do prata	-19.866667	-42.966667	70.76	68	76	4.72
414	ro	bicaz chei	46.816666999999995	25.883333	40.93	100	92	2.59
415	es	godella	39.533333	-0.416667	55.4	87	0	3.36
416	hn	la ermita	14.416666699999999	-87.1	75.2	83	40	9.17
417	my	pulau sebang	2.455	102.2329	87.8	70	75	2.24
418	ro	radomiresti	44.116667	24.683332999999998	50	100	90	5.82
419	ru	namtsy	62.716111	129.66583300000002	16.31	81	92	8.75
420	ro	dersca	47.983333	26.2	42.8	100	90	13.87
421	no	skotterud	59.983332999999995	12.116667	37.78	100	92	7.4
422	us	centerville	40.9180556	-111.8713889	55.4	92	1	4.7
423	br	matipo	-20.283333	-42.35	71.08	64	92	3.94
424	us	homer	59.6425	-151.5483333	37.4	59	75	6.93
425	ph	nagsabaran	16.666667	120.33333300000001	75.62	88	24	2.48
426	il	haifa	32.815556	34.989167	59	82	20	4.7
427	ro	crucea	47.35	25.616667	42.8	100	90	13.87
428	az	ramana	40.442221999999994	49.980556	55.4	87	75	4.7
429	tr	terme	41.209167	36.973889	67.25	88	20	12.66
430	es	zafra	38.416667	-6.4166669999999995	45.11	77	0	5.06
431	mx	cotija	19.816667000000002	-102.68333299999999	71.48	45	12	4.61
432	ro	dumbraveni	45.533333	27.116667	51.73	100	92	7.18
433	ca	kenora	49.766667	-94.466667	42.8	64	90	18.34
434	ru	soluno-dmitriyevskoye	44.4074	42.724	40.43	92	76	11.54
435	ru	karmaskaly	54.3709	56.1837	23	92	75	8.95
436	us	westminster	33.7591667	-118.00583329999999	93.2	21	1	11.1
437	hu	nagyszenas	46.683333000000005	20.666667	50	87	90	12.75
438	ru	vyksa	55.3175	42.174444	27.56	100	92	6.96
439	ru	prochnookopskaya	45.0666	41.1175	42.32	93	24	13.44
440	jp	ayase	35.386462	139.417373	64.4	55	90	5.82
441	ro	paltin	45.783333	26.716666999999998	51.73	100	92	7.18
442	ca	viking	53.083332999999996	-111.78333300000001	35.39	62	0	2.93
443	ru	nizhneyansk	71.43333299999999	136.066667	-0.43	77	68	7.4
444	ph	managpi	13.3108	121.204	77.6	99	88	6.17
445	vn	qui nhon	13.766667000000002	109.233333	79.31	97	92	14.79
446	in	bhopal	23.266667	77.4	71.6	60	0	5.82
447	lu	schouweiler	49.5825	5.9563889	50	100	75	8.05
448	gr	perama	35.3697222	24.6972222	64.4	82	75	4.7
449	ph	pinagsibaan	13.838056	121.31888899999998	82.69	91	20	11.43
450	ru	psyzh	44.233056	42.018333	36.65	88	44	6.4
451	ph	san jose	12.5296	124.4875	84.49	90	12	15.12
452	ro	nadlac	46.166667	20.75	50	93	92	16.11
453	ro	cocora	44.733333	27.05	57.04	87	92	14.67
454	ru	ryabovo	59.4	31.133333	33.8	84	90	6.71
455	ng	inisa	7.8	4.283333	72.2	97	8	4.72
456	ru	mukhtolovo	55.467507	43.199734	25.58	87	76	3.71
457	hn	el chichicaste	14.066666699999999	-86.3	66.76	99	92	2.04
458	ph	santa cruz	8.603611	124.91194399999999	75.71	100	80	0.69
459	lt	zarasai	55.7333333	26.25	29.63	92	36	8.19
460	ph	pangpang	15.9395	120.3099	78.86	92	24	2.37
461	us	fort walton beach	30.405555600000003	-86.6188889	62.6	87	1	7.74
462	gr	kostakioi	39.1375	20.958888899999998	55.4	93	75	3.36
463	pl	grodzisk mazowiecki	52.106384000000006	20.623141	42.8	87	75	5.82
464	ru	kanadey	53.167857999999995	47.526436	26.57	86	80	5.5
465	tn	tatawin	32.929674	10.451767	60.8	72	0	2.24
466	jp	nabari	34.616667	136.083333	62.6	51	75	4.7
467	ru	biysk	52.536389	85.207222	33.77	92	32	7.07
468	mx	merida	20.966667	-89.616667	78.8	88	75	5.5
469	mx	villahermosa	17.983333	-92.916667	73.4	100	90	6.73
470	pa	chepo	9.166666699999999	-79.1	78.8	100	75	3.36
471	be	denderleeuw	50.883333	4.066667	57.2	93	75	8.05
472	de	hochstadt	49.7	10.8	50	100	90	5.82
473	ru	burayevo	55.840693	55.408336	22.16	88	64	5.95
474	hu	gegeny	48.15	21.95	48.2	70	75	8.95
475	om	sur	22.5666667	59.5288889	80.66	100	0	6.4
476	ph	pidsandawan	6.932222	124.590833	86.74	74	8	4.5
477	lr	bensonville	6.4461110999999995	-10.6125	74.23	94	36	3.15
478	tz	kabanga	-2.625	30.481944399999996	59.78	86	68	2.48
479	jp	kurobe	36.865783	137.43636	60.8	63	75	3.36
480	pa	parita	8.0	-80.5166667	76.48	98	76	6.4
481	us	highland park	40.4958333	-74.4247222	71.6	83	75	8.05
482	ve	la fria	8.218888900000001	-72.2483333	82.4	54	40	3.04
483	pe	chongoyape	-6.6405556	-79.3891667	62.6	88	90	14.99
484	gr	polikastron	40.9936111	22.5658333	55.4	62	40	12.75
485	ru	mogocha	53.733332999999995	119.766667	33.14	51	0	9.98
486	ph	san jose	15.7923	120.9894	82.28	80	0	3.04
487	mt	xewkija	36.032778	14.258056	62.6	48	20	13.87
488	mx	el higo	21.766667	-98.466667	72.79	99	88	2.15
489	in	kotar	24.716667	80.983333	79.36	36	0	4.16
490	ru	bodaybo	57.850556000000005	114.19333300000001	24.19	58	80	7.74
491	ph	marantao	7.95	124.233333	80.84	71	68	3.04
492	de	leuna	51.316666999999995	12.016667	50	93	75	6.93
493	do	sabana grande de boya	18.95	-69.8	77	83	20	5.82
494	no	agotnes	60.406110999999996	5.018889	44.66	100	92	25.08
495	ph	coron	11.9986	120.2043	83.18	97	68	13.44
496	et	dabat	12.984167	37.765	55.37	91	0	3.49
497	us	cape canaveral	28.405555600000003	-80.605	80.6	88	1	13.87
498	de	schoneiche	52.216667	13.516667000000002	46.4	100	20	4.7
499	us	west freehold	40.241944399999994	-74.3016667	71.6	83	75	14.99
